[
  {
    "name": "attribute",
    "description": "Applies HTML attribute value escaping."
  },
  {
    "name": "attributeName",
    "description": "Outputs nothing if the value doesn't correspond to the HTML attribute name syntax. Doesn't allow <code>style</code> and <code>on*</code> attributes."
  },
  {
    "name": "comment",
    "description": "Applies HTML comment escaping."
  },
  {
    "name": "elementName",
    "description": "Allows only element names that are white-listed, outputs <code>div</code> otherwise."
  },
  {
    "name": "html",
    "description": "Removes markup that may contain XSS risks."
  },
  {
    "name": "number",
    "description": "Outputs zero if the value is not a number."
  },
  {
    "name": "scriptComment",
    "description": "Outputs nothing if value is trying to break out of the JavaScript comment context."
  },
  {
    "name": "scriptRegExp",
    "description": "Applies JavaScript regular expression escaping."
  },
  {
    "name": "scriptString",
    "description": "Applies JavaScript string escaping."
  },
  {
    "name": "scriptToken",
    "description": "Outputs nothing if the value doesn't correspond to the JavaScript token syntax."
  },
  {
    "name": "styleComment",
    "description": "Outputs nothing if value is trying to break out of the CSS comment context."
  },
  {
    "name": "styleString",
    "description": "Applies CSS string escaping."
  },
  {
    "name": "styleToken",
    "description": "Outputs nothing if the value doesn't correspond to the CSS token syntax."
  },
  {
    "name": "text",
    "description": "Escapes all HTML tokens."
  },
  {
    "name": "unsafe",
    "description": "Disables XSS protection."
  },
  {
    "name": "uri",
    "description": "Outputs nothing if the value contains XSS risks."
  }
]
